"","tissue","fetal","genders"
"MEpalevioletred3",0.478699139247116,0.143679785719115,0.358447997211241
"MEfloralwhite",0.121069246681607,0.0175890008612156,0.337343969331669
"MEplum2",0.261924850493726,0.073032642398469,0.295337903345286
"MEorange",0.483178266357282,0.0718096662207978,0.280952606997565
"MElightsteelblue1",0.00096985953523608,1.68765876654618e-06,0.0619503835630657
"MEviolet",0.514752092175315,0.0743336514913568,0.258996458997512
"MEwhite",0.0183511262946609,0.0163288539092321,0.0885065951852714
"MEyellowgreen",0.137787715486777,0.0164668189994529,0.12373903625831
"MEpink",4.10352562391328e-15,0.00552932174241666,0.33888530213216
"MEdarkturquoise",0.000410868792071192,0.0471439002041946,0.530288001796172
"MEgrey60",0.000174660579677559,0.340485621305815,0.503297723333693
"MEdarkmagenta",7.70847798620139e-13,0.00282797326518787,0.139919880559041
"MElightgreen",8.52586297884006e-22,0.0432571614689257,0.821740447816569
"MEred",1.78816549235846e-10,4.5032132476423e-05,0.602452315394565
"MEcyan",3.40893232036089e-18,0.395206315787442,0.759542872118823
"MEdarkgreen",3.56955320002982e-39,0.551164595641722,0.562901165475625
"MEpurple",2.4595033491262e-14,0.415903040706172,0.442223176811628
"MEsalmon",2.45508465322276e-12,0.00465621167143949,0.841046762599079
"MEmaroon",0.570510100534234,0.114580408685011,0.424922495386932
"MEhoneydew1",0.674249394378988,0.0983127119701228,0.296062977894214
"MEivory",0.528266612633379,0.0662139435980289,0.394970829427121
"MEdarkorange",0.8921445484925,3.68543145031222e-09,0.956288698179949
"MEblue",0.00346790650989065,4.06636165980261e-07,0.919491777898432
"MEsaddlebrown",0.000310437834226298,4.73232028020776e-08,0.191403269821175
"MEskyblue2",0.0820390241049156,0.547538346130091,0.30169599653949
"MEmediumpurple3",0.0517903667384054,0.358566289111138,0.245079394858097
"MEbisque4",0.0658173940211581,0.513903981592404,0.276586474168901
"MEbrown4",0.0281180853596383,0.298296848944035,0.437113967990786
"MEsalmon4",0.0295128664991913,0.334261867209105,0.384440416494111
"MElavenderblush3",0.0800138907458995,0.229006057756893,0.305945247817729
"MEsteelblue",0.00104408819446819,0.109190030837025,0.563603820035855
"MEsienna3",0.0171262587922753,0.17297927617791,0.289549627857002
"MElightcyan",0.000818864463259092,0.164167533470383,0.432683358398949
"MEblack",1.69165991329008e-07,0.0510195811836249,0.934190692703877
"MEroyalblue",1.47596931475157e-07,0.0353591809490843,0.992882692905063
"MEdarkorange2",0.026071333392592,0.347536818342928,0.530933968914496
"MEpaleturquoise",0.0117326265151429,0.34700296948308,0.427375533939503
"MEplum1",0.00957066408439294,0.313434134382608,0.431212953090644
"MEbrown",1.06353462123772e-32,0.539959610139181,0.591244615748198
"MEturquoise",1.32999038985033e-14,0.00286301861575755,0.301428512674854
"MEmediumorchid",0.317963633031103,0.761588990554794,0.378930631820814
"MEdarkslateblue",0.601690993908272,0.48841261316506,0.374324167474039
"MEthistle1",0.745301077771837,0.469166503496894,0.267325104011865
"MEthistle2",0.752087011266151,0.420848980141197,0.23591046947444
"MEcoral2",0.356536801721463,0.310858014446298,0.340623739648844
"MEyellow4",0.510419802723323,0.307312054395957,0.437327755732056
"MEskyblue",0.0195073759260025,0.00146619972173878,0.102931613352839
"MEdarkolivegreen",0.532841459720449,1.15959373275473e-17,0.103264690491591
"MEskyblue3",0.672146034446588,4.17918765668129e-08,0.0917674850063521
"MElightyellow",1.49810412605541e-05,0.000524481810702796,0.278985506094173
"MEmagenta",0.0114713304627167,1.38734843635707e-11,0.475609638553471
"MElightpink4",0.698701981730115,0.435883611993513,0.28719408439451
"MEdarkseagreen4",0.626498829797374,0.455604649380509,0.361171968950812
"MElightcyan1",0.367318294426891,0.335566578593851,0.28148626856819
"MEantiquewhite4",0.57497642448081,0.515511563436937,0.289735510467554
"MEcoral1",0.0703970690269514,0.346397183004936,0.256213939059298
"MEdarkred",0.724838984441322,0.47984454616593,0.349076056428104
"MEnavajowhite2",0.788093486320215,0.480879085192824,0.385676724501133
"MEgreenyellow",0.776319595130872,0.124916668554385,0.971578115068082
"MEmidnightblue",0.0679143090253039,1.91257460136952e-14,0.30594904311286
"MEdarkgrey",0.0534224708657597,4.67419996811832e-10,0.67410723928298
"MEorangered4",0.391906291599827,1.96567928944682e-05,0.941827484829784
"MEgrey",NA,NA,NA
